medicine_id,name,total_net_revenue
257,MED_0257,72234.2952
249,MED_0249,70237.27320000001
229,MED_0229,69326.4404
184,MED_0184,67631.9478
265,MED_0265,66561.29149999999
451,MED_0451,66253.5096
384,MED_0384,63773.74159999998
465,MED_0465,63491.822400000005
306,MED_0306,63486.997599999995
44,MED_0044,62375.64759999998
